<?xml version="1.0" encoding="utf-8"?>
<!DOCTYPE hibernate-configuration PUBLIC
"-//Hibernate/Hibernate Configuration DTD 3.0//EN"
"http://hibernate.sourceforge.net/hibernate-configuration-3.0.dtd">
<hibernate-configuration>
	<session-factory>
		<property name="hibernate.connection.driver_class">oracle.jdbc.driver.OracleDriver</property>
		<property name="hibernate.connection.url">jdbc:oracle:thin:@localhost:1521/orcl.TechMahindra.com</property>
		<property name="hibernate.connection.username">SYSTEM</property>
		<property name="hibernate.connection.password">Satyam123$</property>
		<property name="hibernate.dialect">org.hibernate.dialect.Oracle9Dialect</property>
		<property name="show_sql">true</property>
		<mapping class="com.ems.viewBeans.Employee"></mapping>
	</session-factory>
</hibernate-configuration>